{
  "i18n/i18n.properties": 1719558429764,
  "manifest.json": 1719588436116,
  "controller/View1.controller.js": 1719587108530,
  "controller/App.controller.js": 1719558415128,
  "model/models.js": 1719558415128,
  "Component.js": 1719558415116,
  "controller/View1-dbg.controller.js": 1719587108530,
  "controller/View1.controller.js.map": 1719588436252,
  "controller/App-dbg.controller.js": 1719558415128,
  "controller/App.controller.js.map": 1719588436245,
  "model/models-dbg.js": 1719558415128,
  "model/models.js.map": 1719588436255,
  "Component-dbg.js": 1719558415116,
  "Component.js.map": 1719588436238,
  "Component-preload.js": 1719588436346,
  "Component-preload.js.map": 1719588436346,
  "view/View1.view.xml": 1719587108530,
  "view/App.view.xml": 1719558415132,
  "images/SAP_2011_logo.svg.png": 1719574949642,
  "css/style.css": 1719571415338,
  "index.html": 1719558415120
}