{
  "view/View1.view.xml": 1719913986219,
  "Component.js": 1719558415116,
  "controller/View1.controller.js": 1719914033302,
  "controller/App.controller.js": 1719558415128,
  "manifest.json": 1719914122275,
  "model/models.js": 1719558415128,
  "controller/App-dbg.controller.js": 1719558415128,
  "controller/App.controller.js.map": 1719914122483,
  "controller/View1-dbg.controller.js": 1719914033302,
  "controller/View1.controller.js.map": 1719914122493,
  "Component-dbg.js": 1719558415116,
  "Component.js.map": 1719914122485,
  "model/models-dbg.js": 1719558415128,
  "model/models.js.map": 1719914122481,
  "Component-preload.js": 1719914122780,
  "Component-preload.js.map": 1719914122780,
  "i18n/i18n.properties": 1719558429764,
  "view/App.view.xml": 1719558415132,
  "images/SAP_2011_logo.svg.png": 1719574949642,
  "css/style.css": 1719811561184,
  "index.html": 1719558415120
}