{
  "Component-dbg.js": 1719558415116,
  "Component.js": 1719558415116,
  "controller/View1.controller.js": 1719897039793,
  "controller/App.controller.js": 1719558415128,
  "manifest.json": 1719897071701,
  "model/models.js": 1719558415128,
  "controller/App-dbg.controller.js": 1719558415128,
  "controller/App.controller.js.map": 1719897071903,
  "controller/View1-dbg.controller.js": 1719897039793,
  "controller/View1.controller.js.map": 1719897071915,
  "i18n/i18n.properties": 1719558429764,
  "Component.js.map": 1719897071907,
  "model/models-dbg.js": 1719558415128,
  "model/models.js.map": 1719897071903,
  "Component-preload.js": 1719897072155,
  "Component-preload.js.map": 1719897072155,
  "view/View1.view.xml": 1719857086076,
  "view/App.view.xml": 1719558415132,
  "images/SAP_2011_logo.svg.png": 1719574949642,
  "css/style.css": 1719811561184,
  "index.html": 1719558415120
}