{
  "css/style.css": 1719811561184,
  "manifest.json": 1720505373075,
  "controller/View1.controller.js": 1720504442294,
  "controller/App.controller.js": 1719558415128,
  "model/models.js": 1719558415128,
  "Component.js": 1719558415116,
  "controller/View1-dbg.controller.js": 1720504442294,
  "controller/View1.controller.js.map": 1720505373376,
  "controller/App-dbg.controller.js": 1719558415128,
  "controller/App.controller.js.map": 1720505373355,
  "model/models-dbg.js": 1719558415128,
  "model/models.js.map": 1720505373363,
  "Component-dbg.js": 1719558415116,
  "Component.js.map": 1720505373365,
  "Component-preload.js": 1720505373636,
  "Component-preload.js.map": 1720505373636,
  "view/View1.view.xml": 1719913986219,
  "view/App.view.xml": 1719558415132,
  "images/SAP_2011_logo.svg.png": 1719574949642,
  "i18n/i18n.properties": 1719558429764,
  "index.html": 1719558415120
}