{
  "model/models-dbg.js": 1719558415128,
  "controller/View1.controller.js": 1719846851506,
  "model/models.js": 1719558415128,
  "controller/App.controller.js": 1719558415128,
  "manifest.json": 1719846940133,
  "Component.js": 1719558415116,
  "controller/View1-dbg.controller.js": 1719846851506,
  "controller/View1.controller.js.map": 1719846940272,
  "i18n/i18n.properties": 1719558429764,
  "model/models.js.map": 1719846940268,
  "controller/App-dbg.controller.js": 1719558415128,
  "controller/App.controller.js.map": 1719846940267,
  "Component-dbg.js": 1719558415116,
  "Component.js.map": 1719846940265,
  "Component-preload.js": 1719846940352,
  "Component-preload.js.map": 1719846940352,
  "view/View1.view.xml": 1719843046898,
  "view/App.view.xml": 1719558415132,
  "images/SAP_2011_logo.svg.png": 1719574949642,
  "css/style.css": 1719811561184,
  "index.html": 1719558415120
}